{
  "gap1": {
    "frac_t24_exceed_below_70": 0.6424,
    "opt_threshold_ppb": 65.0,
    "platt_auc_t24": 0.9683,
    "platt_ap_t24": 0.5349
  },
  "gap2": {
    "trained_mean_rmse_t8": 6.1336,
    "notrain_mean_rmse_t8": 5.2721,
    "rmse_penalty_ppb": -0.8615
  },
  "gap3": {
    "lav410_r2_t24": 0.39613479375839233,
    "lav410_r2_t24_fire": 0.4907721281051636,
    "lav410_r2_t24_nonfire": 0.2838515639305115
  }
}